{
    "nome": "José Natan Claudino Dantas",
    "imagem": "url-imagem",
    "email": "natancdantas@gmail.com",
    "telefone": "(11) 99999-1234",
    "dataNascimento": "2000-08-14",
    "experienciasProfissionais": [
        "Empresa: Colégio Magno",
        "Cargo: Jovem Aprendiz",
        "Data de Início: 2019-05-01",
        "Data de Término: 2021-05-01",
        "Empresa: Claro Brasil",
        "Cargo: Estagiário",
        "Data de Início: 2022-04-20",
        "Data de Término: 2023-04-11"
    ],
    "formacaoAcademica": [
        "Curso: Programação em Java",
        "Instituição: SENAI",
        "Data de Conclusão: 2018-10-20",
        "Curso: Inglês",
        "Instituição: Instituto Nossa Senhora de Fátima",
        "Data de Conclusão: 2020-10-20"
    ],
    "conhecimentos": [
        "Mysql",
        "Banco de Dados",
        "Java"
    ]
}